Wave,Cases_Total,Deaths_Total,Death_Ratio
Wave 1,1732181,34783,0.0200804650322339
Wave 2,1052173,22738,0.0216105146206945
Wave 3,1591327,5857,0.00368057602240143
