Wave,Cases_Total,Deaths_Total,Death_Ratio
Wave 1,1732181,34783,0.0200804650322339
Wave 2,1052173,22759,0.0216304733157
Wave 3,1635552,7081,0.00432942517266342
