Wave,Cases_Total,Deaths_Total,Death_Ratio
Wave 1,1732181,34785,0.0200816196459839
Wave 2,1052173,22778,0.0216485311826097
Wave 3,1671293,8623,0.00515947832007912
