Wave,Cases_Total,Deaths_Total,Death_Ratio
Wave 1,1732181,34783,0.0200804650322339
Wave 2,1052173,22750,0.0216219195892691
Wave 3,1623209,6564,0.00404384155090318
