Wave,Cases_Total,Deaths_Total,Death_Ratio
Wave 1,1732181,34782,0.020079887725359
Wave 2,1052173,22733,0.0216057625504551
Wave 3,1570798,5265,0.0033517995311937
