Wave,Cases_Total,Deaths_Total,Death_Ratio
Wave 1,1732181,34781,0.020079310418484
Wave 2,1052173,22727,0.0216000600661678
Wave 3,1507753,4542,0.003012429754741
