Wave,Cases_Total,Deaths_Total,Death_Ratio
Wave 1,1732181,34783,0.0200804650322339
Wave 2,1052173,22763,0.0216342749718915
Wave 3,1641304,7364,0.00448667644750759
