Wave,Cases_Total,Deaths_Total,Death_Ratio
Wave 1,1732181,34782,0.020079887725359
Wave 2,1052173,22736,0.0216086137925987
Wave 3,1579912,5556,0.00351665156034007
