Wave,Cases_Total,Deaths_Total,Death_Ratio
Wave 1,1732181,34782,0.020079887725359
Wave 2,1052173,22731,0.0216038617223593
Wave 3,1550152,4968,0.00320484700855142
