Wave,Cases_Total,Deaths_Total,Death_Ratio
Wave 1,1732181,34783,0.0200804650322339
Wave 2,1052173,22765,0.0216361757999873
Wave 3,1649569,7602,0.00460847651719934
