Wave,Cases_Total,Deaths_Total,Death_Ratio
Wave 1,1732181,34783,0.0200804650322339
Wave 2,1052173,22742,0.021614316276886
Wave 3,1600901,6109,0.00381597612844267
