Wave,Cases_Total,Deaths_Total,Death_Ratio
Wave 1,1732181,34783,0.0200804650322339
Wave 2,1052173,22767,0.021638076628083
Wave 3,1655845,7848,0.0047395740543348
