Wave,Cases_Total,Deaths_Total,Death_Ratio
Wave 1,1732181,34784,0.0200810423391089
Wave 2,1052173,22774,0.0216447295264182
Wave 3,1667581,8394,0.00503363854589372
