Wave,Cases_Total,Deaths_Total,Death_Ratio
Wave 1,1732181,34783,0.0200804650322339
Wave 2,1052173,22770,0.0216409278702267
Wave 3,1660939,7948,0.00478524497287378
