Wave,Cases_Total,Deaths_Total,Death_Ratio
Wave 1,1732181,34783,0.0200804650322339
Wave 2,1052173,22750,0.0216219195892691
Wave 3,1631119,6791,0.00416339948219596
