Wave,Cases_Total,Deaths_Total,Death_Ratio
Wave 1,1732181,34784,0.0200810423391089
Wave 2,1052173,22770,0.0216409278702267
Wave 3,1664951,8139,0.00488843215205733
