Wave,Cases_Total,Deaths_Total,Death_Ratio
Wave 1,1732181,34783,0.0200804650322339
Wave 2,1052173,22744,0.0216162171049818
Wave 3,1610337,6300,0.00391222458404669
