"PHR","current_ratio","current_ratio_cat"
"2/3 - Arlington PHR",1.05823053455365,"(0.9,1.1]"
"9/10 - El Paso PHR",1.15463917525773,"(1.1,1.5]"
"11 - Harlingen PHR",1.71969178082192,"(1.5,1.72]"
"6/5S - Houston PHR",1.44109102646869,"(1.1,1.5]"
"1 - Lubbock PHR",0.971709717097171,"(0.9,1.1]"
"8 - San Antonio PHR",1.09580034885281,"(0.9,1.1]"
"7 - Temple PHR",0.883661869633571,"(0.5,0.9]"
"4/5N - Tyler PHR",1.04536789935189,"(0.9,1.1]"
