"PHR","current_ratio","current_ratio_cat"
"2/3 - Arlington PHR",0.908481738605494,"(0.9,1.1]"
"9/10 - El Paso PHR",0.938423645320197,"(0.9,1.1]"
"11 - Harlingen PHR",1.35735015772871,"(1.1,1.36]"
"6/5S - Houston PHR",1.19534474592327,"(1.1,1.36]"
"1 - Lubbock PHR",0.813720580871307,"(0.5,0.9]"
"8 - San Antonio PHR",1.33711312700107,"(1.1,1.36]"
"7 - Temple PHR",0.874330248416951,"(0.5,0.9]"
"4/5N - Tyler PHR",0.764705882352941,"(0.5,0.9]"
