"PHR","current_ratio","current_ratio_cat"
"2/3 - Arlington PHR",0.840601212746742,"(0.5,0.9]"
"9/10 - El Paso PHR",0.79947689625109,"(0.5,0.9]"
"11 - Harlingen PHR",0.905402711323764,"(0.9,1.08]"
"6/5S - Houston PHR",0.748960443544088,"(0.5,0.9]"
"1 - Lubbock PHR",1.05025125628141,"(0.9,1.08]"
"8 - San Antonio PHR",1.07980494766889,"(0.9,1.08]"
"7 - Temple PHR",0.818575761952911,"(0.5,0.9]"
"4/5N - Tyler PHR",1.06584992343032,"(0.9,1.08]"
