"PHR","current_ratio","current_ratio_cat"
"2/3 - Arlington PHR",1.25418627980554,"(1.1,1.5]"
"9/10 - El Paso PHR",1.3555790960452,"(1.1,1.5]"
"11 - Harlingen PHR",1.49090247452693,"(1.1,1.5]"
"6/5S - Houston PHR",1.25941013524523,"(1.1,1.5]"
"1 - Lubbock PHR",0.949913644214162,"(0.9,1.1]"
"8 - San Antonio PHR",1.10819770946353,"(1.1,1.5]"
"7 - Temple PHR",1.18781583380124,"(1.1,1.5]"
"4/5N - Tyler PHR",2.1174561972745,"(2,2.12]"
