"PHR","current_ratio","current_ratio_cat"
"2/3 - Arlington PHR",1.52480717114863,"(1.5,2]"
"9/10 - El Paso PHR",1.41589811155029,"(1.1,1.5]"
"11 - Harlingen PHR",1.03651947084032,"(0.9,1.1]"
"6/5S - Houston PHR",1.12717801329262,"(1.1,1.5]"
"1 - Lubbock PHR",1.18745545260157,"(1.1,1.5]"
"8 - San Antonio PHR",1.03953337653921,"(0.9,1.1]"
"7 - Temple PHR",1.13363662212113,"(1.1,1.5]"
"4/5N - Tyler PHR",2.17516218721038,"(2,2.18]"
