"PHR","current_ratio","current_ratio_cat"
"2/3 - Arlington PHR",0.968269831355403,"(0.9,1.1]"
"9/10 - El Paso PHR",0.97121083827265,"(0.9,1.1]"
"11 - Harlingen PHR",1.38162787494835,"(1.1,1.5]"
"6/5S - Houston PHR",1.54272555308825,"(1.5,1.54]"
"1 - Lubbock PHR",0.897913141567964,"(0.5,0.9]"
"8 - San Antonio PHR",1.2647412755716,"(1.1,1.5]"
"7 - Temple PHR",0.832291416205819,"(0.5,0.9]"
"4/5N - Tyler PHR",0.882432432432432,"(0.5,0.9]"
