"PHR","current_ratio","current_ratio_cat"
"2/3 - Arlington PHR",1.37825025140066,"(1.1,1.5]"
"9/10 - El Paso PHR",1.54372881355932,"(1.5,1.83]"
"11 - Harlingen PHR",1.82799727520436,"(1.5,1.83]"
"6/5S - Houston PHR",1.0727430388284,"(0.9,1.1]"
"1 - Lubbock PHR",1.38499506416584,"(1.1,1.5]"
"8 - San Antonio PHR",1.54531797696545,"(1.5,1.83]"
"7 - Temple PHR",1.50524288465654,"(1.5,1.83]"
"4/5N - Tyler PHR",1.6992125984252,"(1.5,1.83]"
