"PHR","current_ratio","current_ratio_cat"
"2/3 - Arlington PHR",1.55493957201464,"(1.5,1.97]"
"9/10 - El Paso PHR",1.47913669064748,"(1.1,1.5]"
"11 - Harlingen PHR",1.01312785388128,"(0.9,1.1]"
"6/5S - Houston PHR",1.2170907079646,"(1.1,1.5]"
"1 - Lubbock PHR",1.38956805215974,"(1.1,1.5]"
"8 - San Antonio PHR",0.970018220970681,"(0.9,1.1]"
"7 - Temple PHR",1.10352554526442,"(1.1,1.5]"
"4/5N - Tyler PHR",1.96717948717949,"(1.5,1.97]"
