"PHR","current_ratio","current_ratio_cat"
"2/3 - Arlington PHR",1.46761041902605,"(1.1,1.5]"
"9/10 - El Paso PHR",1.3909626719057,"(1.1,1.5]"
"11 - Harlingen PHR",1.14190733430293,"(1.1,1.5]"
"6/5S - Houston PHR",1.10149869873463,"(1.1,1.5]"
"1 - Lubbock PHR",1.55784753363229,"(1.5,1.85]"
"8 - San Antonio PHR",1.3833646028768,"(1.1,1.5]"
"7 - Temple PHR",1.17810484537787,"(1.1,1.5]"
"4/5N - Tyler PHR",1.84550898203593,"(1.5,1.85]"
