"PHR","current_ratio","current_ratio_cat"
"2/3 - Arlington PHR",0.889837615308378,"(0.5,0.9]"
"9/10 - El Paso PHR",1.41324786324786,"(1.1,1.5]"
"11 - Harlingen PHR",1.78303689548729,"(1.5,1.78]"
"6/5S - Houston PHR",1.08348220420503,"(0.9,1.1]"
"1 - Lubbock PHR",0.849714648065948,"(0.5,0.9]"
"8 - San Antonio PHR",0.888429752066116,"(0.5,0.9]"
"7 - Temple PHR",0.720213713268032,"(0.5,0.9]"
"4/5N - Tyler PHR",0.668267454746952,"(0.5,0.9]"
