"PHR","current_ratio","current_ratio_cat"
"2/3 - Arlington PHR",1.46630360789653,"(1.1,1.5]"
"9/10 - El Paso PHR",1.38280922431866,"(1.1,1.5]"
"11 - Harlingen PHR",1.06259097525473,"(0.9,1.1]"
"6/5S - Houston PHR",1.06809170832615,"(0.9,1.1]"
"1 - Lubbock PHR",1.08908238446082,"(0.9,1.1]"
"8 - San Antonio PHR",1.25113312069834,"(1.1,1.5]"
"7 - Temple PHR",1.09799495418935,"(0.9,1.1]"
"4/5N - Tyler PHR",2.25925925925926,"(2,2.26]"
