"PHR","current_ratio","current_ratio_cat"
"2/3 - Arlington PHR",0.916596410935806,"(0.9,1.1]"
"9/10 - El Paso PHR",0.866264454499749,"(0.5,0.9]"
"11 - Harlingen PHR",1.21502718734553,"(1.1,1.3]"
"6/5S - Houston PHR",1.29505741387918,"(1.1,1.3]"
"1 - Lubbock PHR",0.851330203442879,"(0.5,0.9]"
"8 - San Antonio PHR",1.19250592004457,"(1.1,1.3]"
"7 - Temple PHR",0.807289870070139,"(0.5,0.9]"
"4/5N - Tyler PHR",0.853875042676681,"(0.5,0.9]"
