"PHR","current_ratio","current_ratio_cat"
"2/3 - Arlington PHR",1.00007674008134,"(0.9,1.1]"
"9/10 - El Paso PHR",1.10614322064704,"(1.1,1.11]"
"11 - Harlingen PHR",0.996697126500055,"(0.9,1.1]"
"6/5S - Houston PHR",1.08014805324222,"(0.9,1.1]"
"1 - Lubbock PHR",0.84988038277512,"(0.5,0.9]"
"8 - San Antonio PHR",0.720123361603701,"(0.5,0.9]"
"7 - Temple PHR",0.813834480324687,"(0.5,0.9]"
"4/5N - Tyler PHR",0.633979885057471,"(0.5,0.9]"
