"PHR","current_ratio","current_ratio_cat"
"2/3 - Arlington PHR",0.986937917573756,"(0.9,1.03]"
"9/10 - El Paso PHR",1.0279552715655,"(0.9,1.03]"
"11 - Harlingen PHR",0.540024100533655,"(0.5,0.9]"
"6/5S - Houston PHR",0.948262085497403,"(0.9,1.03]"
"1 - Lubbock PHR",0.801242236024845,"(0.5,0.9]"
"8 - San Antonio PHR",0.666566355702678,"(0.5,0.9]"
"7 - Temple PHR",0.853452914798206,"(0.5,0.9]"
"4/5N - Tyler PHR",0.832122679580307,"(0.5,0.9]"
