"PHR","current_ratio","current_ratio_cat"
"2/3 - Arlington PHR",0.810194102830049,"(0.5,0.9]"
"9/10 - El Paso PHR",1.07204049844237,"(0.9,1.07]"
"11 - Harlingen PHR",1.03071754259659,"(0.9,1.07]"
"6/5S - Houston PHR",0.949474737368684,"(0.9,1.07]"
"1 - Lubbock PHR",0.85997442455243,"(0.5,0.9]"
"8 - San Antonio PHR",0.706143943826799,"(0.5,0.9]"
"7 - Temple PHR",0.784026996625422,"(0.5,0.9]"
"4/5N - Tyler PHR",0.610394265232975,"(0.5,0.9]"
