"PHR","current_ratio","current_ratio_cat"
"2/3 - Arlington PHR",0.834858360491351,"(0.5,0.9]"
"9/10 - El Paso PHR",0.657563025210084,"(0.5,0.9]"
"11 - Harlingen PHR",1.15682564970626,"(1.1,1.22]"
"6/5S - Houston PHR",0.840967633553589,"(0.5,0.9]"
"1 - Lubbock PHR",1.12088607594937,"(1.1,1.22]"
"8 - San Antonio PHR",1.22064405534468,"(1.1,1.22]"
"7 - Temple PHR",0.762967017928014,"(0.5,0.9]"
"4/5N - Tyler PHR",0.903719912472648,"(0.9,1.1]"
