"PHR","current_ratio","current_ratio_cat"
"2/3 - Arlington PHR",0.867313691507799,"(0.5,0.9]"
"9/10 - El Paso PHR",1.01988071570577,"(0.9,1.02]"
"11 - Harlingen PHR",0.586529136912633,"(0.5,0.9]"
"6/5S - Houston PHR",0.908751127722645,"(0.9,1.02]"
"1 - Lubbock PHR",0.849598163030999,"(0.5,0.9]"
"8 - San Antonio PHR",0.449955224908728,"(0,0.5]"
"7 - Temple PHR",0.804845222072678,"(0.5,0.9]"
"4/5N - Tyler PHR",0.955375253549696,"(0.9,1.02]"
