"PHR","current_ratio","current_ratio_cat"
"1 - Lubbock PHR",1.40605296343001,"(1.1,1.5]"
"11 - Harlingen PHR",2.38249088066701,"(2,2.38]"
"2/3 - Arlington PHR",1.4246288209607,"(1.1,1.5]"
"4/5N - Tyler PHR",0.532876712328767,"(0.5,0.9]"
"6/5S - Houston PHR",1.60660951327434,"(1.5,2]"
"7 - Temple PHR",1.2708285517558,"(1.1,1.5]"
"8 - San Antonio PHR",1.38887171561051,"(1.1,1.5]"
"9/10 - El Paso PHR",1.7680608365019,"(1.5,2]"
