"PHR","current_ratio","current_ratio_cat"
"2/3 - Arlington PHR",1.50811272416738,"(1.5,2]"
"9/10 - El Paso PHR",1.68822553897181,"(1.5,2]"
"11 - Harlingen PHR",2.18673330304407,"(2,2.19]"
"6/5S - Houston PHR",1.33082527170668,"(1.1,1.5]"
"1 - Lubbock PHR",1.27866972477064,"(1.1,1.5]"
"8 - San Antonio PHR",1.30035239902413,"(1.1,1.5]"
"7 - Temple PHR",1.38502061383417,"(1.1,1.5]"
"4/5N - Tyler PHR",1.38704318936877,"(1.1,1.5]"
