"PHR","current_ratio","current_ratio_cat"
"2/3 - Arlington PHR",0.934966592427617,"(0.9,1.1]"
"9/10 - El Paso PHR",0.707062809486578,"(0.5,0.9]"
"11 - Harlingen PHR",1.2340472755521,"(1.1,1.5]"
"6/5S - Houston PHR",1.01751852316966,"(0.9,1.1]"
"1 - Lubbock PHR",1.20104438642298,"(1.1,1.5]"
"8 - San Antonio PHR",3.0878828229028,"(2,3.09]"
"7 - Temple PHR",0.739323950439071,"(0.5,0.9]"
"4/5N - Tyler PHR",0.885511651469098,"(0.5,0.9]"
