"PHR","current_ratio","current_ratio_cat"
"2/3 - Arlington PHR",1.72225733634312,"(1.5,1.72]"
"9/10 - El Paso PHR",0.888208894328845,"(0.5,0.9]"
"11 - Harlingen PHR",0.63818395973873,"(0.5,0.9]"
"6/5S - Houston PHR",0.939984591679507,"(0.9,1.1]"
"1 - Lubbock PHR",0.731782945736434,"(0.5,0.9]"
"8 - San Antonio PHR",0.573091849935317,"(0.5,0.9]"
"7 - Temple PHR",0.836170212765957,"(0.5,0.9]"
"4/5N - Tyler PHR",0.820099255583127,"(0.5,0.9]"
