"PHR","current_ratio","current_ratio_cat"
"2/3 - Arlington PHR",1.27072099061314,"(1.1,1.27]"
"9/10 - El Paso PHR",1.10070532915361,"(1.1,1.27]"
"11 - Harlingen PHR",0.729568106312292,"(0.5,0.9]"
"6/5S - Houston PHR",0.857848875016257,"(0.5,0.9]"
"1 - Lubbock PHR",0.999245283018868,"(0.9,1.1]"
"8 - San Antonio PHR",0.892879256965944,"(0.5,0.9]"
"7 - Temple PHR",0.901356080489939,"(0.9,1.1]"
"4/5N - Tyler PHR",0.803391626921039,"(0.5,0.9]"
