"PHR","current_ratio","current_ratio_cat"
"2/3 - Arlington PHR",0.779806491885144,"(0.5,0.9]"
"9/10 - El Paso PHR",0.811940298507463,"(0.5,0.9]"
"11 - Harlingen PHR",1.0533766535159,"(0.9,1.1]"
"6/5S - Houston PHR",0.794515948517068,"(0.5,0.9]"
"1 - Lubbock PHR",1.06723237597911,"(0.9,1.1]"
"8 - San Antonio PHR",0.755595886267393,"(0.5,0.9]"
"7 - Temple PHR",0.979008324285197,"(0.9,1.1]"
"4/5N - Tyler PHR",1.71641791044776,"(1.5,1.72]"
