"PHR","current_ratio","current_ratio_cat"
"2/3 - Arlington PHR",0.835679945054945,"(0.5,0.9]"
"9/10 - El Paso PHR",0.835119538334707,"(0.5,0.9]"
"11 - Harlingen PHR",0.459620180318435,"(0,0.5]"
"6/5S - Houston PHR",0.906796855186406,"(0.9,1.1]"
"1 - Lubbock PHR",0.587554269175109,"(0.5,0.9]"
"8 - San Antonio PHR",1.93513119533528,"(1.5,1.94]"
"7 - Temple PHR",0.963708228530363,"(0.9,1.1]"
"4/5N - Tyler PHR",1.05400192864031,"(0.9,1.1]"
