"PHR","current_ratio","current_ratio_cat"
"2/3 - Arlington PHR",1.42116233447769,"(1.1,1.5]"
"9/10 - El Paso PHR",1.42096774193548,"(1.1,1.5]"
"11 - Harlingen PHR",1.23512685914261,"(1.1,1.5]"
"6/5S - Houston PHR",0.997676219984508,"(0.9,1.1]"
"1 - Lubbock PHR",1.20538116591928,"(1.1,1.5]"
"8 - San Antonio PHR",1.47562875584242,"(1.1,1.5]"
"7 - Temple PHR",1.23893805309735,"(1.1,1.5]"
"4/5N - Tyler PHR",1.59254498714653,"(1.5,1.59]"
