"PHR","current_ratio","current_ratio_cat"
"2/3 - Arlington PHR",0.76841620626151,"(0.5,0.9]"
"9/10 - El Paso PHR",0.838646072954321,"(0.5,0.9]"
"11 - Harlingen PHR",1.32994587429581,"(1.1,1.33]"
"6/5S - Houston PHR",1.01337726523888,"(0.9,1.1]"
"1 - Lubbock PHR",0.932441942294159,"(0.9,1.1]"
"8 - San Antonio PHR",0.494034873049862,"(0,0.5]"
"7 - Temple PHR",0.991326973113617,"(0.9,1.1]"
"4/5N - Tyler PHR",1.06912181303116,"(0.9,1.1]"
