"PHR","current_ratio","current_ratio_cat"
"2/3 - Arlington PHR",0.871619376702771,"(0.5,0.9]"
"9/10 - El Paso PHR",0.68241469816273,"(0.5,0.9]"
"11 - Harlingen PHR",0.632518360137585,"(0.5,0.9]"
"6/5S - Houston PHR",0.823842409147515,"(0.5,0.9]"
"1 - Lubbock PHR",0.970461538461538,"(0.9,1.1]"
"8 - San Antonio PHR",0.676045096278559,"(0.5,0.9]"
"7 - Temple PHR",0.782033426183844,"(0.5,0.9]"
"4/5N - Tyler PHR",1.1316889632107,"(1.1,1.13]"
