"PHR","current_ratio","current_ratio_cat"
"2/3 - Arlington PHR",0.679452054794521,"(0.5,0.9]"
"9/10 - El Paso PHR",0.808046940486169,"(0.5,0.9]"
"11 - Harlingen PHR",0.470653789004458,"(0,0.5]"
"6/5S - Houston PHR",0.633272940424171,"(0.5,0.9]"
"1 - Lubbock PHR",0.70536756126021,"(0.5,0.9]"
"8 - San Antonio PHR",0.618787878787879,"(0.5,0.9]"
"7 - Temple PHR",0.828142176621473,"(0.5,0.9]"
"4/5N - Tyler PHR",1.03860523038605,"(0.9,1.04]"
