"PHR","current_ratio","current_ratio_cat"
"2/3 - Arlington PHR",0.818882796435915,"(0.5,0.9]"
"9/10 - El Paso PHR",0.681886906561838,"(0.5,0.9]"
"11 - Harlingen PHR",0.724567188788129,"(0.5,0.9]"
"6/5S - Houston PHR",0.851861246749952,"(0.5,0.9]"
"1 - Lubbock PHR",0.928358208955224,"(0.9,1.02]"
"8 - San Antonio PHR",0.526744186046512,"(0.5,0.9]"
"7 - Temple PHR",1.02324431256182,"(0.9,1.02]"
"4/5N - Tyler PHR",0.972913211719182,"(0.9,1.02]"
