"Level","current_ratio","current_ratio_cat"
"1 - Lubbock PHR",1.37695953335764,"(1.1,1.38]"
"11 - Harlingen PHR",0.882257189365166,"(0.5,0.882]"
"2/3 - Arlington PHR",1.36732779415706,"(1.1,1.37]"
"4/5N - Tyler PHR",1.40531914893617,"(1.1,1.41]"
"6/5S - Houston PHR",1.1868099074903,"(1.1,1.19]"
"7 - Temple PHR",0.923700700331736,"(0.9,0.924]"
"8 - San Antonio PHR",0.863157894736842,"(0.5,0.863]"
"9/10 - El Paso PHR",1.41437871497311,"(1.1,1.41]"
