"Level","current_ratio","current_ratio_cat"
"1 - Lubbock PHR",1.69275491949911,"(1.5,1.69]"
"11 - Harlingen PHR",0.7908337396392,"(0.5,0.791]"
"2/3 - Arlington PHR",1.28685372454066,"(1.1,1.29]"
"4/5N - Tyler PHR",1.25555555555556,"(1.1,1.26]"
"6/5S - Houston PHR",1.18349186867137,"(1.1,1.18]"
"7 - Temple PHR",0.98695652173913,"(0.9,0.987]"
"8 - San Antonio PHR",0.815924657534246,"(0.5,0.816]"
"9/10 - El Paso PHR",1.26174934725849,"(1.1,1.26]"
