"PHR","current_ratio","current_ratio_cat"
"2/3 - Arlington PHR",0.863966770508827,"(0.5,0.9]"
"9/10 - El Paso PHR",0.83196159122085,"(0.5,0.9]"
"11 - Harlingen PHR",0.797094801223242,"(0.5,0.9]"
"6/5S - Houston PHR",0.72628476699208,"(0.5,0.9]"
"1 - Lubbock PHR",1.98183556405354,"(1.5,1.98]"
"8 - San Antonio PHR",0.782658300057045,"(0.5,0.9]"
"7 - Temple PHR",0.968,"(0.9,1.1]"
"4/5N - Tyler PHR",0.789193302891933,"(0.5,0.9]"
