"PHR","current_ratio","current_ratio_cat"
"2/3 - Arlington PHR",1.79202045101799,"(1.5,1.79]"
"9/10 - El Paso PHR",0.927749106788408,"(0.9,1.1]"
"11 - Harlingen PHR",0.699105621805792,"(0.5,0.9]"
"6/5S - Houston PHR",0.954235713179495,"(0.9,1.1]"
"1 - Lubbock PHR",0.781065088757396,"(0.5,0.9]"
"8 - San Antonio PHR",0.695914266577361,"(0.5,0.9]"
"7 - Temple PHR",0.878593490140176,"(0.5,0.9]"
"4/5N - Tyler PHR",0.735410764872521,"(0.5,0.9]"
