"PHR","current_ratio","current_ratio_cat"
"2/3 - Arlington PHR",0.404529726329034,"(0,0.5]"
"9/10 - El Paso PHR",0.68259072117593,"(0.5,0.9]"
"11 - Harlingen PHR",1.15771812080537,"(1.1,1.29]"
"6/5S - Houston PHR",0.799032866158512,"(0.5,0.9]"
"1 - Lubbock PHR",1.01694915254237,"(0.9,1.1]"
"8 - San Antonio PHR",1.28555304740406,"(1.1,1.29]"
"7 - Temple PHR",0.882103477523325,"(0.5,0.9]"
"4/5N - Tyler PHR",1.14069591527988,"(1.1,1.29]"
