"PHR","current_ratio","current_ratio_cat"
"2/3 - Arlington PHR",0.792652316117745,"(0.5,0.9]"
"9/10 - El Paso PHR",1.27311577311577,"(1.1,1.5]"
"11 - Harlingen PHR",2.03219636595473,"(2,2.03]"
"6/5S - Houston PHR",1.13840320202233,"(1.1,1.5]"
"1 - Lubbock PHR",0.94785059901339,"(0.9,1.1]"
"8 - San Antonio PHR",0.4895410082769,"(0,0.5]"
"7 - Temple PHR",0.942202606137032,"(0.9,1.1]"
"4/5N - Tyler PHR",0.890882638215325,"(0.5,0.9]"
