"PHR","current_ratio","current_ratio_cat"
"2/3 - Arlington PHR",0.800073233247895,"(0.5,0.9]"
"9/10 - El Paso PHR",0.973708920187793,"(0.9,1.1]"
"11 - Harlingen PHR",1.26890756302521,"(1.1,1.3]"
"6/5S - Houston PHR",1.30256766134629,"(1.1,1.3]"
"1 - Lubbock PHR",0.992875948582933,"(0.9,1.1]"
"8 - San Antonio PHR",0.806245802552048,"(0.5,0.9]"
"7 - Temple PHR",1.10307692307692,"(1.1,1.3]"
"4/5N - Tyler PHR",0.474316611595074,"(0,0.5]"
