"PHR","current_ratio","current_ratio_cat"
"2/3 - Arlington PHR",1.41263989466754,"(1.1,1.5]"
"9/10 - El Paso PHR",1.52998776009792,"(1.5,1.78]"
"11 - Harlingen PHR",1.47479892761394,"(1.1,1.5]"
"6/5S - Houston PHR",0.984982704800472,"(0.9,1.1]"
"1 - Lubbock PHR",1.28073234524847,"(1.1,1.5]"
"8 - San Antonio PHR",1.77647058823529,"(1.5,1.78]"
"7 - Temple PHR",1.6470830756545,"(1.5,1.78]"
"4/5N - Tyler PHR",1.76981707317073,"(1.5,1.78]"
