"Level","current_ratio","current_ratio_cat"
"1 - Lubbock PHR",0.841669223688248,"(0.5,0.842]"
"11 - Harlingen PHR",0.987674169346195,"(0.9,0.988]"
"2/3 - Arlington PHR",1.09285295840656,"(0.9,1.09]"
"4/5N - Tyler PHR",1.15055079559364,"(1.1,1.15]"
"6/5S - Houston PHR",1.17290864543227,"(1.1,1.17]"
"7 - Temple PHR",1.26303538175047,"(1.1,1.26]"
"8 - San Antonio PHR",0.970911949685535,"(0.9,0.971]"
"9/10 - El Paso PHR",1.49513330512061,"(1.1,1.495]"
