"Level","current_ratio","current_ratio_cat"
"1 - Lubbock PHR",1.05213424568263,"(0.9,1.05]"
"11 - Harlingen PHR",0.94272681196148,"(0.9,0.943]"
"2/3 - Arlington PHR",1.08333333333333,"(0.9,1.08]"
"4/5N - Tyler PHR",1.09832635983264,"(0.9,1.098]"
"6/5S - Houston PHR",1.17577271308149,"(1.1,1.18]"
"7 - Temple PHR",0.899719213798636,"(0.5,0.8997]"
"8 - San Antonio PHR",0.821665438467207,"(0.5,0.822]"
"9/10 - El Paso PHR",1.51731843575419,"(1.5,1.52]"
