"Level","current_ratio","current_ratio_cat"
"1 - Lubbock PHR",0.755729794933655,"(0.5,0.756]"
"11 - Harlingen PHR",0.962254120148857,"(0.9,0.962]"
"2/3 - Arlington PHR",1.18279906176701,"(1.1,1.18]"
"4/5N - Tyler PHR",0.996756756756757,"(0.9,0.997]"
"6/5S - Houston PHR",1.1744966442953,"(1.1,1.17]"
"7 - Temple PHR",1.17325633051977,"(1.1,1.17]"
"8 - San Antonio PHR",0.857142857142857,"(0.5,0.857]"
"9/10 - El Paso PHR",1.32854122621564,"(1.1,1.33]"
