"PHR","current_ratio","current_ratio_cat"
"2/3 - Arlington PHR",0.829514563106796,"(0.5,0.9]"
"9/10 - El Paso PHR",0.923501033769814,"(0.9,1.1]"
"11 - Harlingen PHR",0.592628249209187,"(0.5,0.9]"
"6/5S - Houston PHR",0.832324173265021,"(0.5,0.9]"
"1 - Lubbock PHR",1.83473053892216,"(1.5,1.83]"
"8 - San Antonio PHR",0.675521046178995,"(0.5,0.9]"
"7 - Temple PHR",0.874643874643875,"(0.5,0.9]"
"4/5N - Tyler PHR",0.430868167202572,"(0,0.5]"
