"PHR","current_ratio","current_ratio_cat"
"2/3 - Arlington PHR",0.363515039523663,"(0,0.5]"
"9/10 - El Paso PHR",0.552865213882163,"(0.5,0.838]"
"11 - Harlingen PHR",0.773339186420837,"(0.5,0.838]"
"6/5S - Houston PHR",0.79324268644417,"(0.5,0.838]"
"1 - Lubbock PHR",0.807377049180328,"(0.5,0.838]"
"8 - San Antonio PHR",0.817557251908397,"(0.5,0.838]"
"7 - Temple PHR",0.837853107344633,"(0.5,0.838]"
"4/5N - Tyler PHR",0.577246283128636,"(0.5,0.838]"
