"PHR","current_ratio","current_ratio_cat"
"2/3 - Arlington PHR",1.4363737952228,"(1.1,1.5]"
"9/10 - El Paso PHR",1.46050214329455,"(1.1,1.5]"
"11 - Harlingen PHR",1.66042296072508,"(1.5,1.67]"
"6/5S - Houston PHR",1.01584799929954,"(0.9,1.1]"
"1 - Lubbock PHR",1.38497217068646,"(1.1,1.5]"
"8 - San Antonio PHR",1.47013820335637,"(1.1,1.5]"
"7 - Temple PHR",1.51468222043443,"(1.5,1.67]"
"4/5N - Tyler PHR",1.67291066282421,"(1.5,1.67]"
