"PHR","current_ratio","current_ratio_cat"
"2/3 - Arlington PHR",0.420267232767233,"(0,0.5]"
"9/10 - El Paso PHR",0.896366885050625,"(0.5,0.9]"
"11 - Harlingen PHR",1.1748455730954,"(1.1,1.26]"
"6/5S - Houston PHR",0.96236021456496,"(0.9,1.1]"
"1 - Lubbock PHR",1.1304347826087,"(1.1,1.26]"
"8 - San Antonio PHR",0.731831704207395,"(0.5,0.9]"
"7 - Temple PHR",0.818935926773455,"(0.5,0.9]"
"4/5N - Tyler PHR",1.26324368378158,"(1.1,1.26]"
