"Level","current_ratio","current_ratio_cat"
"1 - Lubbock PHR",1.17039022937146,"(1.1,1.17]"
"11 - Harlingen PHR",0.98396674584323,"(0.9,0.984]"
"2/3 - Arlington PHR",1.17507486754204,"(1.1,1.18]"
"4/5N - Tyler PHR",1.21570397111913,"(1.1,1.22]"
"6/5S - Houston PHR",1.05525179856115,"(0.9,1.06]"
"7 - Temple PHR",0.995252481657316,"(0.9,0.995]"
"8 - San Antonio PHR",1.35094339622642,"(1.1,1.35]"
"9/10 - El Paso PHR",1.36176676793643,"(1.1,1.36]"
