"PHR","current_ratio","current_ratio_cat"
"2/3 - Arlington PHR",1.34531622911695,"(1.1,1.5]"
"9/10 - El Paso PHR",1.53761061946903,"(1.5,2]"
"11 - Harlingen PHR",2.16207322089675,"(2,2.16]"
"6/5S - Houston PHR",1.16220269980716,"(1.1,1.5]"
"1 - Lubbock PHR",1.29704016913319,"(1.1,1.5]"
"8 - San Antonio PHR",1.62722371967655,"(1.5,2]"
"7 - Temple PHR",1.48294195835179,"(1.1,1.5]"
"4/5N - Tyler PHR",1.6497461928934,"(1.5,2]"
