"Level","current_ratio","current_ratio_cat"
"1 - Lubbock PHR",2.01732673267327,"(2,2.02]"
"11 - Harlingen PHR",0.689949553744664,"(0.5,0.69]"
"2/3 - Arlington PHR",1.03211567732116,"(0.9,1.03]"
"4/5N - Tyler PHR",0.955909943714822,"(0.9,0.956]"
"6/5S - Houston PHR",0.668693693693694,"(0.5,0.669]"
"7 - Temple PHR",0.944400630914827,"(0.9,0.944]"
"8 - San Antonio PHR",1.06352459016393,"(0.9,1.06]"
"9/10 - El Paso PHR",1.1261780104712,"(1.1,1.13]"
