"Level","current_ratio","current_ratio_cat"
"1 - Lubbock PHR",1.36521352313167,"(1.1,1.37]"
"11 - Harlingen PHR",0.962439024390244,"(0.9,0.962]"
"2/3 - Arlington PHR",1.22679900744417,"(1.1,1.23]"
"4/5N - Tyler PHR",0.966632962588473,"(0.9,0.967]"
"6/5S - Houston PHR",1.15215827338129,"(1.1,1.15]"
"7 - Temple PHR",0.987326732673267,"(0.9,0.987]"
"8 - San Antonio PHR",0.974156496769562,"(0.9,0.974]"
"9/10 - El Paso PHR",1.35128334172119,"(1.1,1.35]"
