"PHR","current_ratio","current_ratio_cat"
"2/3 - Arlington PHR",0.798242759518386,"(0.5,0.9]"
"9/10 - El Paso PHR",0.824261275272162,"(0.5,0.9]"
"11 - Harlingen PHR",0.486346863468635,"(0,0.5]"
"6/5S - Houston PHR",0.823562570462232,"(0.5,0.9]"
"1 - Lubbock PHR",0.686497672012416,"(0.5,0.9]"
"8 - San Antonio PHR",0.99632892804699,"(0.9,1.1]"
"7 - Temple PHR",0.906207827260459,"(0.9,1.1]"
"4/5N - Tyler PHR",1.24004975124378,"(1.1,1.24]"
