"PHR","current_ratio","current_ratio_cat"
"2/3 - Arlington PHR",0.814097598760651,"(0.5,0.9]"
"9/10 - El Paso PHR",1.01794145420208,"(0.9,1.1]"
"11 - Harlingen PHR",1.18187461204221,"(1.1,1.2]"
"6/5S - Houston PHR",1.20356906807667,"(1.1,1.2]"
"1 - Lubbock PHR",0.971798428109108,"(0.9,1.1]"
"8 - San Antonio PHR",0.869214586255259,"(0.5,0.9]"
"7 - Temple PHR",1.06446661550269,"(0.9,1.1]"
"4/5N - Tyler PHR",0.513595166163142,"(0.5,0.9]"
