"PHR","current_ratio","current_ratio_cat"
"2/3 - Arlington PHR",0.852213409260389,"(0.5,0.9]"
"9/10 - El Paso PHR",0.974286720676295,"(0.9,1.1]"
"11 - Harlingen PHR",0.571093138533786,"(0.5,0.9]"
"6/5S - Houston PHR",0.834570393682085,"(0.5,0.9]"
"1 - Lubbock PHR",0.957805907172996,"(0.9,1.1]"
"8 - San Antonio PHR",0.622994398556916,"(0.5,0.9]"
"7 - Temple PHR",0.899431638774866,"(0.5,0.9]"
"4/5N - Tyler PHR",1.22202247191011,"(1.1,1.22]"
