"Level","current_ratio","current_ratio_cat"
"1 - Lubbock PHR",1.92790697674419,"(1.5,1.93]"
"11 - Harlingen PHR",0.83083038869258,"(0.5,0.831]"
"2/3 - Arlington PHR",0.991626608776554,"(0.9,0.992]"
"4/5N - Tyler PHR",0.824420677361854,"(0.5,0.824]"
"6/5S - Houston PHR",0.706161137440758,"(0.5,0.706]"
"7 - Temple PHR",0.900760304121649,"(0.9,0.901]"
"8 - San Antonio PHR",0.958706125258087,"(0.9,0.959]"
"9/10 - El Paso PHR",1.17486338797814,"(1.1,1.17]"
