"PHR","current_ratio","current_ratio_cat"
"2/3 - Arlington PHR",0.872512189273439,"(0.5,0.9]"
"9/10 - El Paso PHR",1.27446393762183,"(1.1,1.5]"
"11 - Harlingen PHR",1.92394408537502,"(1.5,1.92]"
"6/5S - Houston PHR",1.19018578924975,"(1.1,1.5]"
"1 - Lubbock PHR",0.875,"(0.5,0.9]"
"8 - San Antonio PHR",0.621555419473362,"(0.5,0.9]"
"7 - Temple PHR",0.945652173913043,"(0.9,1.1]"
"4/5N - Tyler PHR",0.734607218683652,"(0.5,0.9]"
