"PHR","current_ratio","current_ratio_cat"
"2/3 - Arlington PHR",0.905214678353885,"(0.9,1.1]"
"9/10 - El Paso PHR",0.79734219269103,"(0.5,0.9]"
"11 - Harlingen PHR",0.766613115232949,"(0.5,0.9]"
"6/5S - Houston PHR",0.774964572508266,"(0.5,0.9]"
"1 - Lubbock PHR",2.06410256410256,"(2,2.06]"
"8 - San Antonio PHR",0.743321718931475,"(0.5,0.9]"
"7 - Temple PHR",1.05588543485854,"(0.9,1.1]"
"4/5N - Tyler PHR",0.525806451612903,"(0.5,0.9]"
