"PHR","current_ratio","current_ratio_cat"
"2/3 - Arlington PHR",1.34635139063863,"(1.1,1.35]"
"9/10 - El Paso PHR",1.13872135102533,"(1.1,1.35]"
"11 - Harlingen PHR",0.815493736182756,"(0.5,0.9]"
"6/5S - Houston PHR",0.863294287023101,"(0.5,0.9]"
"1 - Lubbock PHR",1.0576773187841,"(0.9,1.1]"
"8 - San Antonio PHR",0.940874035989717,"(0.9,1.1]"
"7 - Temple PHR",0.923993703620418,"(0.9,1.1]"
"4/5N - Tyler PHR",0.812433011789925,"(0.5,0.9]"
