"PHR","current_ratio","current_ratio_cat"
"2/3 - Arlington PHR",1.35520628683694,"(1.1,1.36]"
"9/10 - El Paso PHR",0.666073335706657,"(0.5,0.9]"
"11 - Harlingen PHR",0.671561930783242,"(0.5,0.9]"
"6/5S - Houston PHR",0.87856276531231,"(0.5,0.9]"
"1 - Lubbock PHR",0.676737160120846,"(0.5,0.9]"
"8 - San Antonio PHR",0.735436893203884,"(0.5,0.9]"
"7 - Temple PHR",0.841300655180781,"(0.5,0.9]"
"4/5N - Tyler PHR",0.799472295514512,"(0.5,0.9]"
