"PHR","current_ratio","current_ratio_cat"
"2/3 - Arlington PHR",1.17193925972793,"(1.1,1.5]"
"9/10 - El Paso PHR",1.51587301587302,"(1.5,2]"
"11 - Harlingen PHR",1.23427812223206,"(1.1,1.5]"
"6/5S - Houston PHR",1.79818899049668,"(1.5,2]"
"1 - Lubbock PHR",1.06122448979592,"(0.9,1.1]"
"8 - San Antonio PHR",3.06603400553578,"(2,3.07]"
"7 - Temple PHR",0.874263941808105,"(0.5,0.9]"
"4/5N - Tyler PHR",0.96854764107308,"(0.9,1.1]"
