"PHR","current_ratio","current_ratio_cat"
"2/3 - Arlington PHR",0.789068514241724,"(0.5,0.9]"
"9/10 - El Paso PHR",0.899909008189263,"(0.5,0.9]"
"11 - Harlingen PHR",1.12514156285391,"(1.1,1.5]"
"6/5S - Houston PHR",1.59094125973107,"(1.5,1.59]"
"1 - Lubbock PHR",0.922619047619048,"(0.9,1.1]"
"8 - San Antonio PHR",0.919519300801165,"(0.9,1.1]"
"7 - Temple PHR",1.07567567567568,"(0.9,1.1]"
"4/5N - Tyler PHR",0.549407114624506,"(0.5,0.9]"
