"PHR","current_ratio","current_ratio_cat"
"2/3 - Arlington PHR",1.3960456583775,"(1.1,1.5]"
"9/10 - El Paso PHR",1.38490566037736,"(1.1,1.5]"
"11 - Harlingen PHR",1.02086494688923,"(0.9,1.1]"
"6/5S - Houston PHR",1.42231348391513,"(1.1,1.5]"
"1 - Lubbock PHR",1.10926902788244,"(1.1,1.5]"
"8 - San Antonio PHR",1.9373618275608,"(1.5,1.94]"
"7 - Temple PHR",1.08897989575577,"(0.9,1.1]"
"4/5N - Tyler PHR",0.0551654964894684,"(0,0.5]"
