"PHR","current_ratio","current_ratio_cat"
"2/3 - Arlington PHR",0.835281326447404,"(0.5,0.9]"
"9/10 - El Paso PHR",0.906272022551092,"(0.9,1.1]"
"11 - Harlingen PHR",0.792050270349262,"(0.5,0.9]"
"6/5S - Houston PHR",0.856922036518211,"(0.5,0.9]"
"1 - Lubbock PHR",2.04334038054968,"(2,2.04]"
"8 - San Antonio PHR",0.693482688391039,"(0.5,0.9]"
"7 - Temple PHR",1.00645161290323,"(0.9,1.1]"
"4/5N - Tyler PHR",0.513738019169329,"(0.5,0.9]"
