"PHR","current_ratio","current_ratio_cat"
"2/3 - Arlington PHR",1.63759049066047,"(1.5,1.64]"
"9/10 - El Paso PHR",1.22538200339559,"(1.1,1.5]"
"11 - Harlingen PHR",0.920025122998011,"(0.9,1.1]"
"6/5S - Houston PHR",0.834824732557357,"(0.5,0.9]"
"1 - Lubbock PHR",1.03501945525292,"(0.9,1.1]"
"8 - San Antonio PHR",0.798538011695906,"(0.5,0.9]"
"7 - Temple PHR",0.948965517241379,"(0.9,1.1]"
"4/5N - Tyler PHR",0.860100727476217,"(0.5,0.9]"
