"PHR","current_ratio","current_ratio_cat"
"2/3 - Arlington PHR",1.61716609944385,"(1.5,1.62]"
"9/10 - El Paso PHR",0.977514792899408,"(0.9,1.1]"
"11 - Harlingen PHR",0.700563813429011,"(0.5,0.9]"
"6/5S - Houston PHR",0.836089293096321,"(0.5,0.9]"
"1 - Lubbock PHR",0.658569500674764,"(0.5,0.9]"
"8 - San Antonio PHR",0.810142238713667,"(0.5,0.9]"
"7 - Temple PHR",0.837671557027922,"(0.5,0.9]"
"4/5N - Tyler PHR",0.939854191980559,"(0.9,1.1]"
