"Level","current_ratio","current_ratio_cat"
"1 - Lubbock PHR",0.89181111775254,"(0.5,0.892]"
"11 - Harlingen PHR",0.918452692106639,"(0.9,0.918]"
"2/3 - Arlington PHR",1.05259608900877,"(0.9,1.05]"
"4/5N - Tyler PHR",1.02282608695652,"(0.9,1.02]"
"6/5S - Houston PHR",1.11437699680511,"(1.1,1.11]"
"7 - Temple PHR",1.04915912031048,"(0.9,1.05]"
"8 - San Antonio PHR",0.865003668378577,"(0.5,0.865]"
"9/10 - El Paso PHR",1.29996278377373,"(1.1,1.3]"
