"Level","current_ratio","current_ratio_cat"
"1 - Lubbock PHR",0.677032019704433,"(0.5,0.677]"
"11 - Harlingen PHR",0.900136798905609,"(0.9,0.9001]"
"2/3 - Arlington PHR",1.03068862275449,"(0.9,1.03]"
"4/5N - Tyler PHR",1.00434782608696,"(0.9,1]"
"6/5S - Houston PHR",1.05615332885003,"(0.9,1.06]"
"7 - Temple PHR",1.01226265822785,"(0.9,1.01]"
"8 - San Antonio PHR",0.777184789859907,"(0.5,0.777]"
"9/10 - El Paso PHR",1.21474773609314,"(1.1,1.21]"
