"PHR","current_ratio","current_ratio_cat"
"2/3 - Arlington PHR",0.907586291761521,"(0.9,1.1]"
"9/10 - El Paso PHR",0.73951549882782,"(0.5,0.9]"
"11 - Harlingen PHR",1.40334391017818,"(1.1,1.43]"
"6/5S - Houston PHR",1.08946823651184,"(0.9,1.1]"
"1 - Lubbock PHR",1.00545454545455,"(0.9,1.1]"
"8 - San Antonio PHR",1.43228175142779,"(1.1,1.43]"
"7 - Temple PHR",0.748522807846845,"(0.5,0.9]"
"4/5N - Tyler PHR",0.681887833282256,"(0.5,0.9]"
