"PHR","current_ratio","current_ratio_cat"
"2/3 - Arlington PHR",0.911993424796105,"(0.9,1.1]"
"9/10 - El Paso PHR",0.654096228868661,"(0.5,0.9]"
"11 - Harlingen PHR",1.19488043821763,"(1.1,1.5]"
"6/5S - Houston PHR",0.90116144018583,"(0.9,1.1]"
"1 - Lubbock PHR",1.10183428209994,"(1.1,1.5]"
"8 - San Antonio PHR",3.70615266785805,"(2,3.71]"
"7 - Temple PHR",0.77094682230869,"(0.5,0.9]"
"4/5N - Tyler PHR",0.903923725705904,"(0.9,1.1]"
