"PHR","current_ratio","current_ratio_cat"
"2/3 - Arlington PHR",0.393570409618912,"(0,0.5]"
"9/10 - El Paso PHR",0.620881471972614,"(0.5,0.9]"
"11 - Harlingen PHR",1.10737130673165,"(1.1,1.2]"
"6/5S - Houston PHR",0.871135275501095,"(0.5,0.9]"
"1 - Lubbock PHR",0.790719696969697,"(0.5,0.9]"
"8 - San Antonio PHR",1.17757459095284,"(1.1,1.2]"
"7 - Temple PHR",0.854245538128718,"(0.5,0.9]"
"4/5N - Tyler PHR",1.1979969183359,"(1.1,1.2]"
