"PHR","current_ratio","current_ratio_cat"
"2/3 - Arlington PHR",1.26354638483476,"(1.1,1.5]"
"9/10 - El Paso PHR",1.56977777777778,"(1.5,2]"
"11 - Harlingen PHR",1.14408163265306,"(1.1,1.5]"
"6/5S - Houston PHR",2.49966784765279,"(2,2.7]"
"1 - Lubbock PHR",0.981118881118881,"(0.9,1.1]"
"8 - San Antonio PHR",2.70142857142857,"(2,2.7]"
"7 - Temple PHR",0.899868247694335,"(0.5,0.9]"
"4/5N - Tyler PHR",0.966993755575379,"(0.9,1.1]"
