"PHR","current_ratio","current_ratio_cat"
"2/3 - Arlington PHR",1.20162999185004,"(1.1,1.5]"
"9/10 - El Paso PHR",1.56855575868373,"(1.5,2]"
"11 - Harlingen PHR",1.12264150943396,"(1.1,1.5]"
"6/5S - Houston PHR",1.74301821335646,"(1.5,2]"
"1 - Lubbock PHR",1.09171195652174,"(0.9,1.1]"
"8 - San Antonio PHR",3.0791452314998,"(2,3.08]"
"7 - Temple PHR",0.895109851169383,"(0.5,0.9]"
"4/5N - Tyler PHR",1.03835360149673,"(0.9,1.1]"
