"PHR","current_ratio","current_ratio_cat"
"2/3 - Arlington PHR",1.5557838504212,"(1.5,2]"
"9/10 - El Paso PHR",1.59032576505429,"(1.5,2]"
"11 - Harlingen PHR",1.06677796327212,"(0.9,1.1]"
"6/5S - Houston PHR",1.43881974549014,"(1.1,1.5]"
"1 - Lubbock PHR",1.23399014778325,"(1.1,1.5]"
"8 - San Antonio PHR",2.85273069679849,"(2,2.85]"
"7 - Temple PHR",1.05704697986577,"(0.9,1.1]"
"4/5N - Tyler PHR",0.991444866920152,"(0.9,1.1]"
