"PHR","current_ratio","current_ratio_cat"
"2/3 - Arlington PHR",0.415871060466071,"(0,0.5]"
"9/10 - El Paso PHR",0.613397901533495,"(0.5,0.9]"
"11 - Harlingen PHR",0.984196663740123,"(0.9,1.01]"
"6/5S - Houston PHR",0.970168932838896,"(0.9,1.01]"
"1 - Lubbock PHR",0.984631147540984,"(0.9,1.01]"
"8 - San Antonio PHR",0.931679389312977,"(0.9,1.01]"
"7 - Temple PHR",1.00564971751412,"(0.9,1.01]"
"4/5N - Tyler PHR",0.914673561732385,"(0.9,1.01]"
