"PHR","current_ratio","current_ratio_cat"
"2/3 - Arlington PHR",0.847626088385083,"(0.5,0.9]"
"9/10 - El Paso PHR",0.804333764553687,"(0.5,0.9]"
"11 - Harlingen PHR",1.06483570377636,"(0.9,1.07]"
"6/5S - Houston PHR",0.978547643442623,"(0.9,1.07]"
"1 - Lubbock PHR",0.925018024513338,"(0.9,1.07]"
"8 - San Antonio PHR",0.493576526566217,"(0,0.5]"
"7 - Temple PHR",0.980163103372272,"(0.9,1.07]"
"4/5N - Tyler PHR",1.06689536878216,"(0.9,1.07]"
