"Level","current_ratio","current_ratio_cat"
"1 - Lubbock PHR",1.49401436552275,"(1.1,1.49]"
"11 - Harlingen PHR",1.06077348066298,"(0.9,1.06]"
"2/3 - Arlington PHR",1.27128503437335,"(1.1,1.27]"
"4/5N - Tyler PHR",1.28524945770065,"(1.1,1.29]"
"6/5S - Houston PHR",1.14556390977444,"(1.1,1.15]"
"7 - Temple PHR",0.946232487694055,"(0.9,0.946]"
"8 - San Antonio PHR",0.85929648241206,"(0.5,0.859]"
"9/10 - El Paso PHR",1.5986632718014,"(1.5,1.6]"
