"PHR","current_ratio","current_ratio_cat"
"2/3 - Arlington PHR",0.958618917066484,"(0.9,1.08]"
"9/10 - El Paso PHR",0.712428182642879,"(0.5,0.9]"
"11 - Harlingen PHR",0.78755152514427,"(0.5,0.9]"
"6/5S - Houston PHR",0.942545500665863,"(0.9,1.08]"
"1 - Lubbock PHR",0.958955223880597,"(0.9,1.08]"
"8 - San Antonio PHR",0.568106312292359,"(0.5,0.9]"
"7 - Temple PHR",1.07566765578635,"(0.9,1.08]"
"4/5N - Tyler PHR",0.98783858485351,"(0.9,1.08]"
