"PHR","current_ratio","current_ratio_cat"
"2/3 - Arlington PHR",0.847198222661071,"(0.5,0.9]"
"9/10 - El Paso PHR",0.975,"(0.9,1.1]"
"11 - Harlingen PHR",0.832589949449896,"(0.5,0.9]"
"6/5S - Houston PHR",0.837509555763187,"(0.5,0.9]"
"1 - Lubbock PHR",1.12382934443288,"(1.1,1.12]"
"8 - San Antonio PHR",0.68209750102417,"(0.5,0.9]"
"7 - Temple PHR",0.839325842696629,"(0.5,0.9]"
"4/5N - Tyler PHR",0.751943462897526,"(0.5,0.9]"
