"Level","current_ratio","current_ratio_cat"
"1 - Lubbock PHR",1.01822985468956,"(0.9,1.02]"
"11 - Harlingen PHR",0.914303329223181,"(0.9,0.914]"
"2/3 - Arlington PHR",1.14432761483121,"(1.1,1.14]"
"4/5N - Tyler PHR",1.24336283185841,"(1.1,1.24]"
"6/5S - Houston PHR",0.944775732434535,"(0.9,0.945]"
"7 - Temple PHR",0.928313976772127,"(0.9,0.928]"
"8 - San Antonio PHR",1.64742917103882,"(1.5,1.65]"
"9/10 - El Paso PHR",1.82462493533368,"(1.5,1.82]"
