"PHR","current_ratio","current_ratio_cat"
"2/3 - Arlington PHR",0.905814970964919,"(0.9,1.1]"
"9/10 - El Paso PHR",1.15473608098337,"(1.1,1.5]"
"11 - Harlingen PHR",1.98888381300442,"(1.5,1.99]"
"6/5S - Houston PHR",1.13945215225898,"(1.1,1.5]"
"1 - Lubbock PHR",0.850849590937697,"(0.5,0.9]"
"8 - San Antonio PHR",0.850655288021945,"(0.5,0.9]"
"7 - Temple PHR",0.805336141829033,"(0.5,0.9]"
"4/5N - Tyler PHR",0.638837808017654,"(0.5,0.9]"
