"PHR","current_ratio","current_ratio_cat"
"2/3 - Arlington PHR",0.917411607738492,"(0.9,1.1]"
"9/10 - El Paso PHR",0.999294781382228,"(0.9,1.1]"
"11 - Harlingen PHR",0.771428571428571,"(0.5,0.9]"
"6/5S - Houston PHR",0.853509393831974,"(0.5,0.9]"
"1 - Lubbock PHR",1.53562945368171,"(1.5,1.54]"
"8 - San Antonio PHR",0.728373702422145,"(0.5,0.9]"
"7 - Temple PHR",0.853746614504965,"(0.5,0.9]"
"4/5N - Tyler PHR",0.44705174488568,"(0,0.5]"
