"Level","current_ratio","current_ratio_cat"
"1 - Lubbock PHR",1.27479892761394,"(1.1,1.27]"
"11 - Harlingen PHR",0.953898690950484,"(0.9,0.954]"
"2/3 - Arlington PHR",1.32594490711083,"(1.1,1.33]"
"4/5N - Tyler PHR",1.24654622741764,"(1.1,1.25]"
"6/5S - Houston PHR",1.04988532110092,"(0.9,1.05]"
"7 - Temple PHR",1.07850390464447,"(0.9,1.08]"
"8 - San Antonio PHR",0.977099236641222,"(0.9,0.977]"
"9/10 - El Paso PHR",1.63527054108216,"(1.5,1.64]"
