"PHR","current_ratio","current_ratio_cat"
"2/3 - Arlington PHR",0.707678883071553,"(0.5,0.9]"
"9/10 - El Paso PHR",0.793225123500353,"(0.5,0.9]"
"11 - Harlingen PHR",0.952465834818776,"(0.9,1.1]"
"6/5S - Houston PHR",0.674592461841969,"(0.5,0.9]"
"1 - Lubbock PHR",1.31477184841454,"(1.1,1.44]"
"8 - San Antonio PHR",0.795130641330166,"(0.5,0.9]"
"7 - Temple PHR",0.958759252731759,"(0.9,1.1]"
"4/5N - Tyler PHR",1.43876177658143,"(1.1,1.44]"
