"PHR","current_ratio","current_ratio_cat"
"2/3 - Arlington PHR",1.08120855834302,"(0.9,1.1]"
"9/10 - El Paso PHR",1.19261786600496,"(1.1,1.5]"
"11 - Harlingen PHR",1.70645335250764,"(1.5,1.71]"
"6/5S - Houston PHR",1.37211155378486,"(1.1,1.5]"
"1 - Lubbock PHR",0.948979591836735,"(0.9,1.1]"
"8 - San Antonio PHR",0.610504987531172,"(0.5,0.9]"
"7 - Temple PHR",0.966892400300978,"(0.9,1.1]"
"4/5N - Tyler PHR",1.16190881976992,"(1.1,1.5]"
