"PHR","current_ratio","current_ratio_cat"
"2/3 - Arlington PHR",1.53220151319432,"(1.5,2]"
"9/10 - El Paso PHR",1.79593679458239,"(1.5,2]"
"11 - Harlingen PHR",1.43577004968062,"(1.1,1.5]"
"6/5S - Houston PHR",1.26967309607896,"(1.1,1.5]"
"1 - Lubbock PHR",1.36830835117773,"(1.1,1.5]"
"8 - San Antonio PHR",1.03862847222222,"(0.9,1.1]"
"7 - Temple PHR",1.20624133148405,"(1.1,1.5]"
"4/5N - Tyler PHR",2.32275971451229,"(2,2.32]"
