"PHR","current_ratio","current_ratio_cat"
"2/3 - Arlington PHR",0.426674398376341,"(0,0.5]"
"9/10 - El Paso PHR",0.758417958311064,"(0.5,0.9]"
"11 - Harlingen PHR",1.16002712324123,"(1.1,1.29]"
"6/5S - Houston PHR",0.893097497842968,"(0.5,0.9]"
"1 - Lubbock PHR",1.05580357142857,"(0.9,1.1]"
"8 - San Antonio PHR",0.925978312116926,"(0.9,1.1]"
"7 - Temple PHR",0.849437554081338,"(0.5,0.9]"
"4/5N - Tyler PHR",1.29125412541254,"(1.1,1.29]"
