"PHR","current_ratio","current_ratio_cat"
"2/3 - Arlington PHR",0.924224241385222,"(0.9,1.1]"
"9/10 - El Paso PHR",0.793282442748092,"(0.5,0.9]"
"11 - Harlingen PHR",0.710447532048822,"(0.5,0.9]"
"6/5S - Houston PHR",0.827825451889721,"(0.5,0.9]"
"1 - Lubbock PHR",1.06394453004622,"(0.9,1.1]"
"8 - San Antonio PHR",0.712681638044914,"(0.5,0.9]"
"7 - Temple PHR",0.899850523168909,"(0.5,0.9]"
"4/5N - Tyler PHR",1.12424607961399,"(1.1,1.12]"
