"PHR","current_ratio","current_ratio_cat"
"2/3 - Arlington PHR",1.00338951997069,"(0.9,1.04]"
"9/10 - El Paso PHR",0.770572040379321,"(0.5,0.9]"
"11 - Harlingen PHR",0.73375,"(0.5,0.9]"
"6/5S - Houston PHR",0.769423260247855,"(0.5,0.9]"
"1 - Lubbock PHR",1.04401544401544,"(0.9,1.04]"
"8 - San Antonio PHR",0.735467980295566,"(0.5,0.9]"
"7 - Temple PHR",0.930371352785146,"(0.9,1.04]"
"4/5N - Tyler PHR",1.02023121387283,"(0.9,1.04]"
