"Level","current_ratio","current_ratio_cat"
"1 - Lubbock PHR",1.83745194947831,"(1.5,1.84]"
"11 - Harlingen PHR",0.910085632730733,"(0.9,0.91]"
"2/3 - Arlington PHR",1.17586425626388,"(1.1,1.18]"
"4/5N - Tyler PHR",0.85343228200371,"(0.5,0.853]"
"6/5S - Houston PHR",1.02287581699346,"(0.9,1.02]"
"7 - Temple PHR",0.935457845905607,"(0.9,0.935]"
"8 - San Antonio PHR",0.982696467195386,"(0.9,0.983]"
"9/10 - El Paso PHR",1.41123949579832,"(1.1,1.41]"
