"Level","current_ratio","current_ratio_cat"
"1 - Lubbock PHR",0.82565011820331,"(0.5,0.826]"
"11 - Harlingen PHR",1.00434546442151,"(0.9,1]"
"2/3 - Arlington PHR",1.08749466495945,"(0.9,1.09]"
"4/5N - Tyler PHR",1.15055079559364,"(1.1,1.15]"
"6/5S - Houston PHR",1.05308602494404,"(0.9,1.05]"
"7 - Temple PHR",1.16434038721297,"(1.1,1.16]"
"8 - San Antonio PHR",0.85823754789272,"(0.5,0.858]"
"9/10 - El Paso PHR",1.42990291262136,"(1.1,1.43]"
