"PHR","current_ratio","current_ratio_cat"
"2/3 - Arlington PHR",0.804173146708139,"(0.5,0.9]"
"9/10 - El Paso PHR",0.802826379542396,"(0.5,0.9]"
"11 - Harlingen PHR",0.730430063763397,"(0.5,0.9]"
"6/5S - Houston PHR",0.962457687967997,"(0.9,1.1]"
"1 - Lubbock PHR",1.78541666666667,"(1.5,1.79]"
"8 - San Antonio PHR",0.7243195785777,"(0.5,0.9]"
"7 - Temple PHR",0.874679487179487,"(0.5,0.9]"
"4/5N - Tyler PHR",0.532493368700265,"(0.5,0.9]"
