"PHR","current_ratio","current_ratio_cat"
"2/3 - Arlington PHR",0.741695804195804,"(0.5,0.9]"
"9/10 - El Paso PHR",0.772604588394062,"(0.5,0.9]"
"11 - Harlingen PHR",0.889821428571429,"(0.5,0.9]"
"6/5S - Houston PHR",0.696551724137931,"(0.5,0.9]"
"1 - Lubbock PHR",1.8037037037037,"(1.5,1.8]"
"8 - San Antonio PHR",0.718918918918919,"(0.5,0.9]"
"7 - Temple PHR",0.764390896921017,"(0.5,0.9]"
"4/5N - Tyler PHR",0.885338345864662,"(0.5,0.9]"
