"PHR","current_ratio","current_ratio_cat"
"2/3 - Arlington PHR",1.05796083252832,"(0.9,1.096]"
"9/10 - El Paso PHR",0.793675641828428,"(0.5,0.9]"
"11 - Harlingen PHR",0.746880024500421,"(0.5,0.9]"
"6/5S - Houston PHR",0.906275366843584,"(0.9,1.096]"
"1 - Lubbock PHR",1.09615384615385,"(0.9,1.096]"
"8 - San Antonio PHR",0.579362235757793,"(0.5,0.9]"
"7 - Temple PHR",0.921098517872711,"(0.9,1.096]"
"4/5N - Tyler PHR",0.947610823258492,"(0.9,1.096]"
