"Level","current_ratio","current_ratio_cat"
"1 - Lubbock PHR",1.52660300136426,"(1.5,1.53]"
"11 - Harlingen PHR",0.853090172239108,"(0.5,0.853]"
"2/3 - Arlington PHR",1.26100217864924,"(1.1,1.26]"
"4/5N - Tyler PHR",1.1991341991342,"(1.1,1.2]"
"6/5S - Houston PHR",1.10633556192295,"(1.1,1.11]"
"7 - Temple PHR",0.905431809300508,"(0.9,0.905]"
"8 - San Antonio PHR",0.909871244635193,"(0.9,0.91]"
"9/10 - El Paso PHR",1.51899183528576,"(1.5,1.52]"
