"PHR","current_ratio","current_ratio_cat"
"2/3 - Arlington PHR",0.375237809151897,"(0,0.5]"
"9/10 - El Paso PHR",0.599577167019028,"(0.5,0.9]"
"11 - Harlingen PHR",0.899409097155421,"(0.5,0.9]"
"6/5S - Houston PHR",0.922347555991499,"(0.9,1.1]"
"1 - Lubbock PHR",0.752457551385165,"(0.5,0.9]"
"8 - San Antonio PHR",0.878085833649829,"(0.5,0.9]"
"7 - Temple PHR",0.932117812061711,"(0.9,1.1]"
"4/5N - Tyler PHR",1.3096926713948,"(1.1,1.31]"
