"PHR","current_ratio","current_ratio_cat"
"2/3 - Arlington PHR",1.3131844064827,"(1.1,1.5]"
"9/10 - El Paso PHR",1.31130790190736,"(1.1,1.5]"
"11 - Harlingen PHR",0.917131178000743,"(0.9,1.1]"
"6/5S - Houston PHR",1.90519730510106,"(1.5,2]"
"1 - Lubbock PHR",1.26834239130435,"(1.1,1.5]"
"8 - San Antonio PHR",2.95359452263218,"(2,4]"
"7 - Temple PHR",0.832136752136752,"(0.5,0.9]"
"4/5N - Tyler PHR",38.5818181818182,"(8,38.6]"
