"PHR","current_ratio","current_ratio_cat"
"2/3 - Arlington PHR",0.923746931665215,"(0.9,1.1]"
"9/10 - El Paso PHR",1.22705133008617,"(1.1,1.5]"
"11 - Harlingen PHR",1.89981041271693,"(1.5,1.9]"
"6/5S - Houston PHR",1.16408076514346,"(1.1,1.5]"
"1 - Lubbock PHR",0.831518257527226,"(0.5,0.9]"
"8 - San Antonio PHR",0.709244222361024,"(0.5,0.9]"
"7 - Temple PHR",0.920762878489973,"(0.9,1.1]"
"4/5N - Tyler PHR",0.700168918918919,"(0.5,0.9]"
