"PHR","current_ratio","current_ratio_cat"
"2/3 - Arlington PHR",1.42912604607023,"(1.1,1.5]"
"9/10 - El Paso PHR",1.38251986379115,"(1.1,1.5]"
"11 - Harlingen PHR",1.40340003541704,"(1.1,1.5]"
"6/5S - Houston PHR",1.27493098688751,"(1.1,1.5]"
"1 - Lubbock PHR",1.4858630952381,"(1.1,1.5]"
"8 - San Antonio PHR",1.13061840120664,"(1.1,1.5]"
"7 - Temple PHR",1.19708454810496,"(1.1,1.5]"
"4/5N - Tyler PHR",2.52461662631154,"(2,2.52]"
