"Level","current_ratio","current_ratio_cat"
"1 - Lubbock PHR",1.35361488904796,"(1.1,1.35]"
"11 - Harlingen PHR",0.906435911303407,"(0.9,0.906]"
"2/3 - Arlington PHR",1.38474620617478,"(1.1,1.38]"
"4/5N - Tyler PHR",1.40531914893617,"(1.1,1.41]"
"6/5S - Houston PHR",1.17552383844519,"(1.1,1.18]"
"7 - Temple PHR",1.01972157772622,"(0.9,1.02]"
"8 - San Antonio PHR",1.06696428571429,"(0.9,1.07]"
"9/10 - El Paso PHR",1.41091797935904,"(1.1,1.41]"
