"PHR","current_ratio","current_ratio_cat"
"2/3 - Arlington PHR",0.886801130017739,"(0.5,0.9]"
"9/10 - El Paso PHR",0.745211839814277,"(0.5,0.9]"
"11 - Harlingen PHR",0.847640358014646,"(0.5,0.9]"
"6/5S - Houston PHR",0.770624518118736,"(0.5,0.9]"
"1 - Lubbock PHR",0.958333333333333,"(0.9,1.1]"
"8 - San Antonio PHR",0.998131059455671,"(0.9,1.1]"
"7 - Temple PHR",0.759720837487537,"(0.5,0.9]"
"4/5N - Tyler PHR",1.1155537784886,"(1.1,1.12]"
