"PHR","current_ratio","current_ratio_cat"
"2/3 - Arlington PHR",1.35441139715071,"(1.1,1.5]"
"9/10 - El Paso PHR",1.23467112597547,"(1.1,1.5]"
"11 - Harlingen PHR",1.40970485242621,"(1.1,1.5]"
"6/5S - Houston PHR",0.941753368582637,"(0.9,1.1]"
"1 - Lubbock PHR",1.23872679045093,"(1.1,1.5]"
"8 - San Antonio PHR",1.52448169386855,"(1.5,1.74]"
"7 - Temple PHR",1.38361159086548,"(1.1,1.5]"
"4/5N - Tyler PHR",1.73691460055096,"(1.5,1.74]"
