"PHR","current_ratio","current_ratio_cat"
"2/3 - Arlington PHR",0.735762350237978,"(0.5,0.9]"
"9/10 - El Paso PHR",0.858333333333333,"(0.5,0.9]"
"11 - Harlingen PHR",0.473423509239855,"(0,0.5]"
"6/5S - Houston PHR",0.845788126295258,"(0.5,0.9]"
"1 - Lubbock PHR",0.56426182513139,"(0.5,0.9]"
"8 - San Antonio PHR",1.0640625,"(0.9,1.1]"
"7 - Temple PHR",0.864042342044327,"(0.5,0.9]"
"4/5N - Tyler PHR",1.26748466257669,"(1.1,1.27]"
