"PHR","current_ratio","current_ratio_cat"
"2/3 - Arlington PHR",1.85253199777407,"(1.5,1.85]"
"9/10 - El Paso PHR",0.910315627405697,"(0.9,1.1]"
"11 - Harlingen PHR",0.786277687736359,"(0.5,0.9]"
"6/5S - Houston PHR",0.899426554918394,"(0.5,0.9]"
"1 - Lubbock PHR",0.810282404055033,"(0.5,0.9]"
"8 - San Antonio PHR",0.813407476058079,"(0.5,0.9]"
"7 - Temple PHR",0.845989558614143,"(0.5,0.9]"
"4/5N - Tyler PHR",0.680793991416309,"(0.5,0.9]"
