"Level","current_ratio","current_ratio_cat"
"1 - Lubbock PHR",1.20068132548777,"(1.1,1.2]"
"11 - Harlingen PHR",0.834408602150538,"(0.5,0.834]"
"2/3 - Arlington PHR",1.24695046054269,"(1.1,1.25]"
"4/5N - Tyler PHR",1.20857142857143,"(1.1,1.21]"
"6/5S - Houston PHR",1.02439700582201,"(0.9,1.02]"
"7 - Temple PHR",1.12349531876951,"(1.1,1.12]"
"8 - San Antonio PHR",1.24484304932735,"(1.1,1.24]"
"9/10 - El Paso PHR",1.38340697103584,"(1.1,1.38]"
