"PHR","current_ratio","current_ratio_cat"
"2/3 - Arlington PHR",1.15281076801267,"(1.1,1.15]"
"9/10 - El Paso PHR",0.592867231638418,"(0.5,0.9]"
"11 - Harlingen PHR",0.658307918219812,"(0.5,0.9]"
"6/5S - Houston PHR",0.833762886597938,"(0.5,0.9]"
"1 - Lubbock PHR",0.661016949152542,"(0.5,0.9]"
"8 - San Antonio PHR",0.803620218579235,"(0.5,0.9]"
"7 - Temple PHR",0.850815283523972,"(0.5,0.9]"
"4/5N - Tyler PHR",0.809366754617414,"(0.5,0.9]"
