"PHR","current_ratio","current_ratio_cat"
"2/3 - Arlington PHR",0.574414670086776,"(0.5,0.9]"
"9/10 - El Paso PHR",0.586768271562175,"(0.5,0.9]"
"11 - Harlingen PHR",0.661622482648766,"(0.5,0.9]"
"6/5S - Houston PHR",0.908123791102515,"(0.9,0.908]"
"1 - Lubbock PHR",0.688721804511278,"(0.5,0.9]"
"8 - San Antonio PHR",0.873672647381911,"(0.5,0.9]"
"7 - Temple PHR",0.876937984496124,"(0.5,0.9]"
"4/5N - Tyler PHR",0.787247885491217,"(0.5,0.9]"
