"PHR","current_ratio","current_ratio_cat"
"2/3 - Arlington PHR",1.17088980553919,"(1.1,1.5]"
"9/10 - El Paso PHR",0.982532751091703,"(0.9,1.1]"
"11 - Harlingen PHR",0.491671683724664,"(0,0.5]"
"6/5S - Houston PHR",1.31508444962143,"(1.1,1.5]"
"1 - Lubbock PHR",0.734086242299795,"(0.5,0.9]"
"8 - San Antonio PHR",2.33918128654971,"(2,2.34]"
"7 - Temple PHR",1.3292469352014,"(1.1,1.5]"
"4/5N - Tyler PHR",1.19002123142251,"(1.1,1.5]"
