"Level","current_ratio","current_ratio_cat"
"1 - Lubbock PHR",0.685889570552147,"(0.5,0.686]"
"11 - Harlingen PHR",1.15354330708661,"(1.1,1.15]"
"2/3 - Arlington PHR",1.03539300988055,"(0.9,1.04]"
"4/5N - Tyler PHR",0.883218842001963,"(0.5,0.883]"
"6/5S - Houston PHR",1.0976759851802,"(0.9,1.098]"
"7 - Temple PHR",1.05636743215031,"(0.9,1.06]"
"8 - San Antonio PHR",0.750160565189467,"(0.5,0.75]"
"9/10 - El Paso PHR",1.42445374244537,"(1.1,1.42]"
