"PHR","current_ratio","current_ratio_cat"
"2/3 - Arlington PHR",1.06275789271663,"(0.9,1.06]"
"9/10 - El Paso PHR",0.747940189197437,"(0.5,0.9]"
"11 - Harlingen PHR",0.732470588235294,"(0.5,0.9]"
"6/5S - Houston PHR",0.800641500123365,"(0.5,0.9]"
"1 - Lubbock PHR",0.95910780669145,"(0.9,1.06]"
"8 - San Antonio PHR",0.95050722410083,"(0.9,1.06]"
"7 - Temple PHR",0.943564577291992,"(0.9,1.06]"
"4/5N - Tyler PHR",0.877517691888949,"(0.5,0.9]"
