"Level","current_ratio","current_ratio_cat"
"1 - Lubbock PHR",1.03044871794872,"(0.9,1.03]"
"11 - Harlingen PHR",0.845833333333333,"(0.5,0.846]"
"2/3 - Arlington PHR",1.08329866888519,"(0.9,1.08]"
"4/5N - Tyler PHR",1.12573839662447,"(1.1,1.13]"
"6/5S - Houston PHR",1.09057495405618,"(0.9,1.09]"
"7 - Temple PHR",0.942777110844338,"(0.9,0.943]"
"8 - San Antonio PHR",1.50877192982456,"(1.5,1.51]"
"9/10 - El Paso PHR",1.27075452916584,"(1.1,1.27]"
