"PHR","current_ratio","current_ratio_cat"
"2/3 - Arlington PHR",1.26515909545727,"(1.1,1.5]"
"9/10 - El Paso PHR",1.15808823529412,"(1.1,1.5]"
"11 - Harlingen PHR",0.497466402291254,"(0,0.5]"
"6/5S - Houston PHR",1.57120721228342,"(1.5,2]"
"1 - Lubbock PHR",0.929051987767584,"(0.9,1.1]"
"8 - San Antonio PHR",2.02481985588471,"(2,2.02]"
"7 - Temple PHR",1.06728280961183,"(0.9,1.1]"
"4/5N - Tyler PHR",0.94,"(0.9,1.1]"
