"PHR","current_ratio","current_ratio_cat"
"2/3 - Arlington PHR",0.640475059382423,"(0.5,0.9]"
"9/10 - El Paso PHR",0.860684769775679,"(0.5,0.9]"
"11 - Harlingen PHR",1.12467755803955,"(1.1,1.14]"
"6/5S - Houston PHR",0.963613773517927,"(0.9,1.1]"
"1 - Lubbock PHR",1.14192139737991,"(1.1,1.14]"
"8 - San Antonio PHR",0.734702430846605,"(0.5,0.9]"
"7 - Temple PHR",0.794198895027624,"(0.5,0.9]"
"4/5N - Tyler PHR",1.08595041322314,"(0.9,1.1]"
